{
    "99": {
        "latency_s": 93.11280043597799,
        "reward": 0.0
    },
    "84": {
        "latency_s": 123.68105027300771,
        "reward": 0.0
    },
    "48": {
        "latency_s": 125.6379037030274,
        "reward": 0.0
    },
    "55": {
        "latency_s": 128.33135340409353,
        "reward": 0.0
    },
    "59": {
        "latency_s": 128.71689287794288,
        "reward": 0.0
    },
    "36": {
        "latency_s": 134.27510882297065,
        "reward": 0.0
    },
    "43": {
        "latency_s": 135.52083943993784,
        "reward": 0.0
    },
    "44": {
        "latency_s": 135.9403400348965,
        "reward": 0.0
    },
    "2": {
        "latency_s": 139.86756406293716,
        "reward": 0.0
    },
    "4": {
        "latency_s": 140.19984083494637,
        "reward": 0.0
    },
    "8": {
        "latency_s": 143.3255047200946,
        "reward": 0.0
    },
    "34": {
        "latency_s": 145.41359576396644,
        "reward": 0.0
    },
    "88": {
        "latency_s": 147.5276609719731,
        "reward": 0.0
    },
    "68": {
        "latency_s": 148.18138498801272,
        "reward": 0.0
    },
    "74": {
        "latency_s": 150.4148710919544,
        "reward": 0.0
    },
    "16": {
        "latency_s": 150.93376627308317,
        "reward": 0.0
    },
    "23": {
        "latency_s": 152.47846607794054,
        "reward": 0.0
    },
    "21": {
        "latency_s": 152.92161724099424,
        "reward": 0.0
    },
    "39": {
        "latency_s": 157.02465085103177,
        "reward": 0.0
    },
    "82": {
        "latency_s": 158.6012008730322,
        "reward": 0.0
    },
    "94": {
        "latency_s": 158.94470553693827,
        "reward": 0.0
    },
    "33": {
        "latency_s": 162.65501484298147,
        "reward": 0.0
    },
    "91": {
        "latency_s": 164.19555505202152,
        "reward": 0.0
    },
    "78": {
        "latency_s": 164.56829226599075,
        "reward": 0.0
    },
    "3": {
        "latency_s": 166.90350369096268,
        "reward": 0.0
    },
    "86": {
        "latency_s": 167.94037010497414,
        "reward": 0.0
    },
    "45": {
        "latency_s": 169.25961637496948,
        "reward": 0.0
    },
    "75": {
        "latency_s": 170.34316704794765,
        "reward": 0.0
    },
    "73": {
        "latency_s": 171.51938317494933,
        "reward": 0.0
    },
    "18": {
        "latency_s": 173.41555274103303,
        "reward": 0.0
    },
    "17": {
        "latency_s": 174.80601758905686,
        "reward": 0.0
    },
    "25": {
        "latency_s": 175.9199850059813,
        "reward": 0.0
    },
    "0": {
        "latency_s": 177.54318422696088,
        "reward": 0.0
    },
    "24": {
        "latency_s": 185.83767210994847,
        "reward": 0.0
    },
    "40": {
        "latency_s": 189.62475547392387,
        "reward": 0.0
    },
    "42": {
        "latency_s": 227.3682384910062,
        "reward": 0.0
    },
    "52": {
        "latency_s": 228.88142299104948,
        "reward": 0.0
    },
    "58": {
        "latency_s": 229.23252498800866,
        "reward": 0.0
    },
    "31": {
        "latency_s": 229.67390319297556,
        "reward": 0.0
    },
    "63": {
        "latency_s": 232.4414862630656,
        "reward": 0.0
    },
    "67": {
        "latency_s": 232.79294860502705,
        "reward": 0.0
    },
    "9": {
        "latency_s": 233.34090747497976,
        "reward": 0.0
    },
    "61": {
        "latency_s": 233.90283960592933,
        "reward": 0.0
    },
    "81": {
        "latency_s": 239.47872968099546,
        "reward": 0.0
    },
    "22": {
        "latency_s": 241.18638869700953,
        "reward": 0.0
    },
    "76": {
        "latency_s": 241.41491302393842,
        "reward": 0.0
    },
    "15": {
        "latency_s": 242.30126920202747,
        "reward": 0.0
    },
    "53": {
        "latency_s": 242.56245401699562,
        "reward": 0.0
    },
    "62": {
        "latency_s": 242.90510128298774,
        "reward": 0.0
    },
    "90": {
        "latency_s": 250.87941234197933,
        "reward": 0.0
    },
    "85": {
        "latency_s": 251.33750562893692,
        "reward": 0.0
    },
    "14": {
        "latency_s": 252.0073254610179,
        "reward": 0.0
    },
    "30": {
        "latency_s": 252.3266194399912,
        "reward": 0.0
    },
    "92": {
        "latency_s": 252.53693507006392,
        "reward": 0.0
    },
    "37": {
        "latency_s": 253.42484527500346,
        "reward": 0.0
    },
    "60": {
        "latency_s": 253.97022014600225,
        "reward": 0.0
    },
    "80": {
        "latency_s": 262.4350544560002,
        "reward": 0.0
    },
    "28": {
        "latency_s": 262.9530981789576,
        "reward": 0.0
    },
    "11": {
        "latency_s": 264.0497343359748,
        "reward": 0.0
    },
    "10": {
        "latency_s": 264.3912262179656,
        "reward": 0.0
    },
    "13": {
        "latency_s": 264.7370160080027,
        "reward": 0.0
    },
    "97": {
        "latency_s": 264.89944438193925,
        "reward": 0.0
    },
    "38": {
        "latency_s": 265.6735829639947,
        "reward": 0.0
    },
    "32": {
        "latency_s": 266.0643356550718,
        "reward": 0.0
    },
    "26": {
        "latency_s": 274.6017015579855,
        "reward": 0.0
    },
    "89": {
        "latency_s": 274.78581738099456,
        "reward": 0.0
    },
    "50": {
        "latency_s": 275.26169059204403,
        "reward": 0.0
    },
    "66": {
        "latency_s": 275.565039817011,
        "reward": 0.0
    },
    "47": {
        "latency_s": 276.19090050901286,
        "reward": 0.0
    },
    "54": {
        "latency_s": 276.5339005580172,
        "reward": 0.0
    },
    "7": {
        "latency_s": 277.0156470629154,
        "reward": 0.0
    },
    "71": {
        "latency_s": 277.5203495499445,
        "reward": 0.0
    },
    "65": {
        "latency_s": 277.9712783979485,
        "reward": 0.0
    },
    "49": {
        "latency_s": 286.30935402202886,
        "reward": 0.0
    },
    "64": {
        "latency_s": 286.6229453490814,
        "reward": 0.0
    },
    "98": {
        "latency_s": 288.5721914350288,
        "reward": 0.0
    },
    "27": {
        "latency_s": 289.1418751620222,
        "reward": 0.0
    },
    "96": {
        "latency_s": 289.33494356193114,
        "reward": 0.0
    },
    "35": {
        "latency_s": 289.8308594720438,
        "reward": 0.0
    },
    "29": {
        "latency_s": 294.19052374293096,
        "reward": 0.0
    },
    "72": {
        "latency_s": 294.44583573401906,
        "reward": 0.0
    },
    "70": {
        "latency_s": 294.80695583100896,
        "reward": 0.0
    },
    "19": {
        "latency_s": 295.2807046290254,
        "reward": 0.0
    },
    "56": {
        "latency_s": 295.52557564503513,
        "reward": 0.0
    },
    "77": {
        "latency_s": 295.8167914879741,
        "reward": 0.0
    },
    "69": {
        "latency_s": 296.1867812619312,
        "reward": 0.0
    },
    "79": {
        "latency_s": 303.2552549899556,
        "reward": 0.0
    },
    "87": {
        "latency_s": 308.22544850304257,
        "reward": 0.0
    },
    "95": {
        "latency_s": 309.52339219895657,
        "reward": 0.0
    },
    "6": {
        "latency_s": 310.1306117270142,
        "reward": 0.0
    },
    "57": {
        "latency_s": 311.9239453080809,
        "reward": 0.0
    },
    "12": {
        "latency_s": 324.8818841149332,
        "reward": 0.0
    },
    "5": {
        "latency_s": 326.14831505692564,
        "reward": 0.0
    },
    "93": {
        "latency_s": 327.11535741598345,
        "reward": 0.0
    },
    "83": {
        "latency_s": 328.32882353907917,
        "reward": 0.0
    },
    "1": {
        "latency_s": 333.0916298960801,
        "reward": 0.0
    },
    "46": {
        "latency_s": 346.875230547972,
        "reward": 0.0
    },
    "20": {
        "latency_s": 363.7189260440646,
        "reward": 0.0
    },