{
    "2": {
        "latency_s": 5.092044314020313,
        "reward": 1.0
    },
    "44": {
        "latency_s": 5.137977845966816,
        "reward": 1.0
    },
    "13": {
        "latency_s": 5.1999314239947125,
        "reward": 1.0
    },
    "8": {
        "latency_s": 5.475953902001493,
        "reward": 1.0
    },
    "81": {
        "latency_s": 5.338124238071032,
        "reward": 1.0
    },
    "75": {
        "latency_s": 5.351451618946157,
        "reward": 1.0
    },
    "65": {
        "latency_s": 6.990202783956192,
        "reward": 1.0
    },
    "42": {
        "latency_s": 7.042914837016724,
        "reward": 1.0
    },
    "12": {
        "latency_s": 7.200353109976277,
        "reward": 1.0
    },
    "30": {
        "latency_s": 7.905892184004188,
        "reward": 1.0
    },
    "59": {
        "latency_s": 7.862619602004997,
        "reward": 1.0
    },
    "51": {
        "latency_s": 7.881596227060072,
        "reward": 1.0
    },
    "26": {
        "latency_s": 7.932787430938333,
        "reward": 1.0
    },
    "5": {
        "latency_s": 7.98292122699786,
        "reward": 1.0
    },
    "32": {
        "latency_s": 7.933976776897907,
        "reward": 1.0
    },
    "40": {
        "latency_s": 7.920584643958136,
        "reward": 1.0
    },
    "34": {
        "latency_s": 7.945240485016257,
        "reward": 1.0
    },
    "20": {
        "latency_s": 7.980890471953899,
        "reward": 1.0
    },
    "7": {
        "latency_s": 8.00704635900911,
        "reward": 1.0
    },
    "147": {
        "latency_s": 7.739341223030351,
        "reward": 1.0
    },
    "31": {
        "latency_s": 7.968772198888473,
        "reward": 1.0
    },
    "0": {
        "latency_s": 8.220565508003347,
        "reward": 1.0
    },
    "123": {
        "latency_s": 8.209249941981398,
        "reward": 1.0
    },
    "46": {
        "latency_s": 8.647929191007279,
        "reward": 1.0
    },
    "19": {
        "latency_s": 8.71459024597425,
        "reward": 1.0
    },
    "82": {
        "latency_s": 8.596093315049075,
        "reward": 1.0
    },
    "71": {
        "latency_s": 8.624147541006096,
        "reward": 1.0
    },
    "29": {
        "latency_s": 8.891462429077365,
        "reward": 1.0
    },
    "50": {
        "latency_s": 8.863007526961155,
        "reward": 1.0
    },
    "78": {
        "latency_s": 9.064743893919513,
        "reward": 1.0
    },
    "70": {
        "latency_s": 9.086810174048878,
        "reward": 1.0
    },
    "36": {
        "latency_s": 9.328708115033805,
        "reward": 1.0
    },
    "48": {
        "latency_s": 9.575455814949237,
        "reward": 1.0
    },
    "15": {
        "latency_s": 11.2733877239516,
        "reward": 1.0
    },
    "55": {
        "latency_s": 11.196151735028252,
        "reward": 1.0
    },
    "62": {
        "latency_s": 11.183853868977167,
        "reward": 1.0
    },
    "169": {
        "latency_s": 11.625631864997558,
        "reward": 1.0
    },
    "58": {
        "latency_s": 13.392152015934698,
        "reward": 1.0
    },
    "54": {
        "latency_s": 13.401255486998707,
        "reward": 1.0
    },
    "33": {
        "latency_s": 13.443875591037795,
        "reward": 1.0
    },
    "9": {
        "latency_s": 14.304481682018377,
        "reward": 1.0
    },
    "57": {
        "latency_s": 14.65124747902155,
        "reward": 1.0
    },
    "56": {
        "latency_s": 16.76168148603756,
        "reward": 1.0
    },
    "52": {
        "latency_s": 17.232837736955844,
        "reward": 1.0
    },
    "77": {
        "latency_s": 17.612453151028603,
        "reward": 1.0
    },
    "116": {
        "latency_s": 19.129456513910554,
        "reward": 0.0
    },
    "107": {
        "latency_s": 19.476031932979822,
        "reward": 1.0
    },
    "157": {
        "latency_s": 21.122835927060805,
        "reward": 0.0
    },
    "166": {
        "latency_s": 21.512861103983596,
        "reward": 0.0
    },
    "148": {
        "latency_s": 22.850598145043477,
        "reward": 1.0
    },
    "134": {
        "latency_s": 23.32223877008073,
        "reward": 0.0
    },
    "172": {
        "latency_s": 24.141641348949634,
        "reward": 0.0
    },
    "144": {
        "latency_s": 24.621125300996937,
        "reward": 0.0
    },
    "112": {
        "latency_s": 25.11067504202947,
        "reward": 0.0
    },
    "35": {
        "latency_s": 25.287257586955093,
        "reward": 0.0
    },
    "160": {
        "latency_s": 25.041859463904984,
        "reward": 0.0
    },
    "101": {
        "latency_s": 25.15878013393376,
        "reward": 0.0
    },
    "89": {
        "latency_s": 27.03127408900764,
        "reward": 0.0
    },
    "119": {
        "latency_s": 26.971807871945202,
        "reward": 0.0
    },
    "120": {
        "latency_s": 26.976384461973794,
        "reward": 0.0
    },
    "163": {
        "latency_s": 27.34404766105581,
        "reward": 0.0
    },
    "152": {
        "latency_s": 27.83391316398047,
        "reward": 0.0
    },
    "150": {
        "latency_s": 27.84003755892627,
        "reward": 0.0
    },
    "170": {
        "latency_s": 27.802103574969806,
        "reward": 0.0
    },
    "10": {
        "latency_s": 28.117556266020983,
        "reward": 0.0
    },
    "79": {
        "latency_s": 28.459833102999255,
        "reward": 0.0
    },
    "60": {
        "latency_s": 28.951154809095897,
        "reward": 0.0
    },
    "90": {
        "latency_s": 29.32645407191012,
        "reward": 0.0
    },
    "137": {
        "latency_s": 29.248636945034377,
        "reward": 0.0
    },
    "130": {
        "latency_s": 29.264297232963145,
        "reward": 0.0
    },
    "153": {
        "latency_s": 31.12244618195109,
        "reward": 0.0
    },
    "41": {
        "latency_s": 31.346370066981763,
        "reward": 0.0
    },
    "39": {
        "latency_s": 31.795695718959905,
        "reward": 0.0
    },
    "146": {
        "latency_s": 31.587192586041056,
        "reward": 0.0
    },
    "151": {
        "latency_s": 31.595795512082987,
        "reward": 0.0
    },
    "67": {
        "latency_s": 31.775516430963762,
        "reward": 0.0
    },
    "99": {
        "latency_s": 32.6734931319952,
        "reward": 0.0
    },
    "156": {
        "latency_s": 33.00871710909996,
        "reward": 0.0
    },
    "27": {
        "latency_s": 33.265788832097314,
        "reward": 0.0
    },
    "66": {
        "latency_s": 33.698943591094576,
        "reward": 0.0
    },
    "127": {
        "latency_s": 34.56268399604596,
        "reward": 0.0
    },
    "142": {
        "latency_s": 34.99734837200958,
        "reward": 0.0
    },
    "11": {
        "latency_s": 35.70645704003982,
        "reward": 0.0
    },
    "145": {
        "latency_s": 37.21928683796432,
        "reward": 0.0
    },
    "125": {
        "latency_s": 37.261993278050795,
        "reward": 0.0
    },
    "168": {
        "latency_s": 37.18186390295159,
        "reward": 0.0
    },
    "76": {
        "latency_s": 38.20342873909976,
        "reward": 0.0
    },
    "149": {
        "latency_s": 38.057852793019265,
        "reward": 0.0
    },
    "128": {
        "latency_s": 38.52609392104205,
        "reward": 0.0
    },
    "92": {
        "latency_s": 39.46761030599009,
        "reward": 0.0
    },
    "136": {
        "latency_s": 39.81046845798846,
        "reward": 0.0
    },
    "16": {
        "latency_s": 40.048773507005535,
        "reward": 0.0
    },
    "121": {
        "latency_s": 39.84595422097482,
        "reward": 0.0
    },
    "98": {
        "latency_s": 40.35529013094492,
        "reward": 0.0
    },
    "118": {
        "latency_s": 40.736506449989974,
        "reward": 0.0
    },
    "155": {
        "latency_s": 41.09205123397987,
        "reward": 0.0
    },
    "73": {
        "latency_s": 41.27039345202502,
        "reward": 0.0
    },
    "23": {
        "latency_s": 41.36694197799079,