{
    "18": {
        "latency_s": 35.069614636711776,
        "reward": 0.0
    },
    "33": {
        "latency_s": 42.80748795904219,
        "reward": 0.0
    },
    "88": {
        "latency_s": 42.68702116794884,
        "reward": 0.0
    },
    "65": {
        "latency_s": 42.862194360699505,
        "reward": 0.0
    },
    "99": {
        "latency_s": 43.00977757386863,
        "reward": 0.0
    },
    "45": {
        "latency_s": 43.23554398911074,
        "reward": 0.0
    },
    "57": {
        "latency_s": 43.19257923820987,
        "reward": 0.0
    },
    "15": {
        "latency_s": 43.562189913820475,
        "reward": 0.0
    },
    "95": {
        "latency_s": 43.24618742102757,
        "reward": 0.0
    },
    "66": {
        "latency_s": 43.56033039372414,
        "reward": 0.0
    },
    "44": {
        "latency_s": 44.05146916722879,
        "reward": 0.0
    },
    "42": {
        "latency_s": 44.077636159956455,
        "reward": 0.0
    },
    "91": {
        "latency_s": 44.071789383888245,
        "reward": 0.0
    },
    "94": {
        "latency_s": 45.26563197094947,
        "reward": 0.0
    },
    "40": {
        "latency_s": 45.90569857740775,
        "reward": 0.0
    },
    "90": {
        "latency_s": 45.71378731401637,
        "reward": 0.0
    },
    "30": {
        "latency_s": 46.01237087370828,
        "reward": 0.0
    },
    "74": {
        "latency_s": 45.88395484397188,
        "reward": 0.0
    },
    "31": {
        "latency_s": 46.062395038083196,
        "reward": 0.0
    },
    "11": {
        "latency_s": 46.14374213991687,
        "reward": 0.0
    },
    "96": {
        "latency_s": 45.87545101903379,
        "reward": 0.0
    },
    "61": {
        "latency_s": 46.081970965955406,
        "reward": 0.0
    },
    "70": {
        "latency_s": 46.04432420991361,
        "reward": 0.0
    },
    "75": {
        "latency_s": 46.02647172799334,
        "reward": 0.0
    },
    "26": {
        "latency_s": 46.2278574667871,
        "reward": 0.0
    },
    "3": {
        "latency_s": 46.591605722904205,
        "reward": 0.0
    },
    "13": {
        "latency_s": 46.55143419094384,
        "reward": 0.0
    },
    "2": {
        "latency_s": 46.79230484832078,
        "reward": 0.0
    },
    "81": {
        "latency_s": 46.88444721000269,
        "reward": 0.0
    },
    "19": {
        "latency_s": 47.25514473300427,
        "reward": 0.0
    },
    "34": {
        "latency_s": 47.51094182161614,
        "reward": 0.0
    },
    "55": {
        "latency_s": 47.66065387474373,
        "reward": 0.0
    },
    "20": {
        "latency_s": 47.842403578106314,
        "reward": 0.0
    },
    "50": {
        "latency_s": 47.7364789750427,
        "reward": 0.0
    },
    "97": {
        "latency_s": 47.57326377602294,
        "reward": 0.0
    },
    "22": {
        "latency_s": 47.95306808082387,
        "reward": 0.0
    },
    "78": {
        "latency_s": 47.759269701782614,
        "reward": 0.0
    },
    "5": {
        "latency_s": 48.32327509019524,
        "reward": 0.0
    },
    "21": {
        "latency_s": 48.26055721985176,
        "reward": 0.0
    },
    "52": {
        "latency_s": 48.13531473278999,
        "reward": 0.0
    },
    "6": {
        "latency_s": 48.33742518303916,
        "reward": 0.0
    },
    "4": {
        "latency_s": 48.440109360031784,
        "reward": 0.0
    },
    "84": {
        "latency_s": 48.11937831202522,
        "reward": 0.0
    },
    "1": {
        "latency_s": 48.457016272004694,
        "reward": 0.0
    },
    "12": {
        "latency_s": 48.42584493383765,
        "reward": 0.0
    },
    "64": {
        "latency_s": 48.23563051968813,
        "reward": 0.0
    },
    "0": {
        "latency_s": 48.57646303670481,
        "reward": 0.0
    },
    "46": {
        "latency_s": 48.34160340996459,
        "reward": 0.0
    },
    "56": {
        "latency_s": 48.34140423173085,
        "reward": 0.0
    },
    "23": {
        "latency_s": 48.47741662245244,
        "reward": 0.0
    },
    "39": {
        "latency_s": 48.46062115114182,
        "reward": 0.0
    },
    "67": {
        "latency_s": 48.38986720982939,
        "reward": 0.0
    },
    "35": {
        "latency_s": 48.539319603238255,
        "reward": 0.0
    },
    "93": {
        "latency_s": 48.31956915697083,
        "reward": 0.0
    },
    "10": {
        "latency_s": 48.89858393184841,
        "reward": 0.0
    },
    "68": {
        "latency_s": 48.74767038086429,
        "reward": 0.0
    },
    "24": {
        "latency_s": 48.94095887383446,
        "reward": 0.0
    },
    "29": {
        "latency_s": 48.998700057622045,
        "reward": 0.0
    },
    "48": {
        "latency_s": 49.08793940907344,
        "reward": 0.0
    },
    "98": {
        "latency_s": 48.957036066800356,
        "reward": 0.0
    },
    "77": {
        "latency_s": 49.05337549978867,
        "reward": 0.0
    },
    "72": {
        "latency_s": 49.20531379664317,
        "reward": 0.0
    },
    "47": {
        "latency_s": 49.43496128404513,
        "reward": 0.0
    },
    "87": {
        "latency_s": 49.323510956950486,
        "reward": 0.0
    },
    "92": {
        "latency_s": 49.38523399690166,
        "reward": 0.0
    },
    "69": {
        "latency_s": 49.661482866853476,
        "reward": 0.0
    },
    "86": {
        "latency_s": 49.62372992793098,
        "reward": 0.0
    },
    "80": {
        "latency_s": 49.76672822609544,
        "reward": 0.0
    },
    "53": {
        "latency_s": 49.917287580203265,
        "reward": 0.0
    },
    "25": {
        "latency_s": 50.11307746171951,
        "reward": 0.0
    },
    "51": {
        "latency_s": 50.25540689891204,
        "reward": 0.0
    },
    "62": {
        "latency_s": 50.242537532001734,
        "reward": 0.0
    },
    "32": {
        "latency_s": 50.3803015910089,
        "reward": 0.0
    },
    "76": {
        "latency_s": 50.21350965928286,
        "reward": 0.0
    },
    "7": {
        "latency_s": 50.53323927288875,
        "reward": 0.0
    },
    "8": {
        "latency_s": 50.54349924623966,
        "reward": 0.0
    },
    "73": {
        "latency_s": 50.326142960228026,
        "reward": 0.0
    },
    "49": {
        "latency_s": 50.57842803001404,
        "reward": 0.0
    },
    "58": {
        "latency_s": 50.923837906681,
        "reward": 0.0
    },
    "41": {
        "latency_s": 51.22187589621171,
        "reward": 0.0
    },
    "60": {
        "latency_s": 51.30135365901515,
        "reward": 0.0
    },
    "14": {
        "latency_s": 70.12166060274467,
        "reward": 0.0
    },
    "36": {
        "latency_s": 72.1832898282446,
        "reward": 0.0
    },
    "54": {
        "latency_s": 72.99445496732369,
        "reward": 0.0
    },
    "28": {
        "latency_s": 73.44459685403854,
        "reward": 0.0
    },
    "16": {
        "latency_s": 73.53329307213426,
        "reward": 0.0
    },
    "85": {
        "latency_s": 73.511222504545,
        "reward": 0.0
    },
    "37": {
        "latency_s": 75.09468102222309,
        "reward": 0.0
    },
    "63": {
        "latency_s": 75.26641147583723,
        "reward": 0.0
    },
    "17": {
        "latency_s": 75.58854382205755,
        "reward": 0.0
    },
    "89": {
        "latency_s": 75.3683155439794,
        "reward": 0.0
    },
    "38": {
        "latency_s": 75.64349828707054,
        "reward": 0.0
    },
    "79": {
        "latency_s": 75.66964317206293,
        "reward": 0.0
    },
    "27": {
        "latency_s": 78.91891231993213,
        "reward": 0.0
    },
    "43": {
        "latency_s": 95.99942770507187,
        "reward": 0.0
    },
    "83": {
        "latency_s": 98.94464918598533,
        "reward": 0.0
    },
    "71": {
        "latency_s": 99.23496924107894,
        "reward": 0.0
    },
    "59": {
        "latency_s": 120.98169380892068,
        "reward": 0.0
    },
    "82": {
        "latency_s": 124.96864156983793,