{
    "40": {
        "latency_s": 1036.9534141380573,
        "reward": 0.0
    },
    "13": {
        "latency_s": 1071.5905297969002,
        "reward": 0.0
    },
    "52": {
        "latency_s": 1082.0187721319962,
        "reward": 0.0
    },
    "12": {
        "latency_s": 1093.5673279589973,
        "reward": 0.0
    },
    "14": {
        "latency_s": 1101.8121632429538,
        "reward": 0.0
    },
    "41": {
        "latency_s": 1158.1368582770228,
        "reward": 0.0
    },
    "11": {
        "latency_s": 1171.9594805440865,
        "reward": 0.0
    },
    "70": {
        "latency_s": 1183.0615617739968,
        "reward": 0.0
    },
    "43": {
        "latency_s": 1190.6161622300278,
        "reward": 0.0
    },
    "10": {
        "latency_s": 1205.2601913999533,
        "reward": 0.0
    },
    "50": {
        "latency_s": 1234.4539153869264,
        "reward": 0.0
    },
    "72": {
        "latency_s": 1238.9991166939726,
        "reward": 0.0
    },
    "51": {
        "latency_s": 1281.9091040800558,
        "reward": 0.0
    },
    "54": {
        "latency_s": 1297.906390766031,
        "reward": 0.0
    },
    "53": {
        "latency_s": 1336.0696524779778,
        "reward": 0.0
    },
    "73": {
        "latency_s": 1388.0462658520555,
        "reward": 0.0
    },
    "0": {
        "latency_s": 1466.4031441009138,
        "reward": 0.0
    },
    "74": {
        "latency_s": 1539.8806716679828,
        "reward": 0.0
    },
    "48": {
        "latency_s": 1553.772638962022,
        "reward": 0.0
    },
    "2": {
        "latency_s": 1593.969580233097,
        "reward": 0.0
    },
    "45": {
        "latency_s": 1597.0676728290273,
        "reward": 0.0
    },
    "71": {
        "latency_s": 1606.4554318309529,
        "reward": 0.0
    },
    "61": {
        "latency_s": 1615.9166170640383,
        "reward": 0.0
    },
    "1": {
        "latency_s": 1654.0078171889763,
        "reward": 0.0
    },
    "60": {
        "latency_s": 1684.864439556026,
        "reward": 0.0
    },
    "24": {
        "latency_s": 1690.5054613660323,
        "reward": 0.0
    },
    "63": {
        "latency_s": 1719.6656134650111,
        "reward": 0.0
    },
    "3": {
        "latency_s": 1756.768609163002,
        "reward": 0.0
    },
    "79": {
        "latency_s": 1763.7656280800002,
        "reward": 0.0
    },
    "82": {
        "latency_s": 1767.5999027630314,
        "reward": 0.0
    },
    "64": {
        "latency_s": 1774.77057878091,
        "reward": 0.0
    },
    "49": {
        "latency_s": 1785.804024070967,
        "reward": 0.0
    },
    "18": {
        "latency_s": 1799.0450562089682,
        "reward": 0.0
    },
    "4": {
        "latency_s": 1812.7112386010122,
        "reward": 0.0
    },
    "55": {
        "latency_s": 1812.483324322966,
        "reward": 0.0
    },
    "15": {
        "latency_s": 1817.874555640039,
        "reward": 0.0
    },
    "16": {
        "latency_s": 1875.7748293170007,
        "reward": 0.0
    },
    "119": {
        "latency_s": 1881.554148108,
        "reward": 0.0
    },
    "46": {
        "latency_s": 1912.8885401510634,
        "reward": 0.0
    },
    "42": {
        "latency_s": 1920.7282645270461,
        "reward": 0.0
    },
    "95": {
        "latency_s": 1941.1236033790046,
        "reward": 0.0
    },
    "8": {
        "latency_s": 1943.2442408789648,
        "reward": 0.0
    },
    "59": {
        "latency_s": 1945.9214596280362,
        "reward": 0.0
    },
    "47": {
        "latency_s": 1977.2539057759568,
        "reward": 0.0
    },
    "17": {
        "latency_s": 2007.9358984798891,
        "reward": 0.0
    },
    "124": {
        "latency_s": 2023.3293221340282,
        "reward": 0.0
    },
    "149": {
        "latency_s": 2044.1429186740424,
        "reward": 0.0
    },
    "147": {
        "latency_s": 2057.6525574079715,
        "reward": 0.0
    },
    "128": {
        "latency_s": 2060.076442735968,
        "reward": 0.0
    },
    "148": {
        "latency_s": 2061.1829555300064,
        "reward": 0.0
    },
    "126": {
        "latency_s": 2067.919545728015,
        "reward": 0.0
    },
    "145": {
        "latency_s": 2070.3538815769134,
        "reward": 0.0
    },
    "133": {
        "latency_s": 2082.2651535900077,
        "reward": 0.0
    },
    "146": {
        "latency_s": 2105.4065073690144,
        "reward": 0.0
    },
    "44": {
        "latency_s": 2185.7496765420074,
        "reward": 0.0
    },
    "109": {
        "latency_s": 2219.6567604419542,
        "reward": 0.0
    },
    "19": {
        "latency_s": 2238.878407177981,
        "reward": 0.0
    },
    "99": {
        "latency_s": 2256.5843734099763,
        "reward": 0.0
    },
    "23": {
        "latency_s": 2257.3924276890466,
        "reward": 0.0
    },
    "67": {
        "latency_s": 2265.4566373750567,
        "reward": 0.0
    },
    "96": {
        "latency_s": 2267.42790943,
        "reward": 0.0
    },
    "21": {
        "latency_s": 2269.1888154810295,
        "reward": 0.0
    },
    "102": {
        "latency_s": 2268.3747418230632,
        "reward": 0.0
    },
    "20": {
        "latency_s": 2269.1964121659985,
        "reward": 0.0
    },
    "30": {
        "latency_s": 2269.3169840350747,
        "reward": 0.0
    },
    "97": {
        "latency_s": 2268.635535814916,
        "reward": 0.0
    },
    "106": {
        "latency_s": 2272.352168199024,
        "reward": 0.0
    },
    "132": {
        "latency_s": 2276.0280180540867,
        "reward": 0.0
    },
    "130": {
        "latency_s": 2276.0348790209973,
        "reward": 0.0
    },
    "131": {
        "latency_s": 2278.765830915072,
        "reward": 0.0
    },
    "134": {
        "latency_s": 2279.791449741926,
        "reward": 0.0
    },
    "105": {
        "latency_s": 2411.7821700880304,
        "reward": 0.0
    },
    "108": {
        "latency_s": 2442.5430996239884,
        "reward": 0.0
    },
    "137": {
        "latency_s": 2459.425708924071,
        "reward": 0.0
    },
    "62": {
        "latency_s": 2497.0282867179485,
        "reward": 0.0
    },
    "22": {
        "latency_s": 2504.41168867494,
        "reward": 0.0
    },
    "92": {
        "latency_s": 2515.8842818499543,
        "reward": 0.0
    },
    "84": {
        "latency_s": 2519.895234097028,
        "reward": 0.0
    },
    "75": {
        "latency_s": 2531.8460870280396,
        "reward": 0.0
    },
    "121": {
        "latency_s": 2535.024357904913,
        "reward": 0.0
    },
    "68": {
        "latency_s": 2559.078599025961,
        "reward": 0.0
    },
    "69": {
        "latency_s": 2559.8982022770215,
        "reward": 0.0
    },
    "91": {
        "latency_s": 2564.2694377519656,
        "reward": 0.0
    },
    "107": {
        "latency_s": 2567.9587169310544,
        "reward": 0.0
    },
    "58": {
        "latency_s": 2570.2166292999173,
        "reward": 0.0
    },
    "83": {
        "latency_s": 2575.0160034999717,
        "reward": 0.0
    },
    "118": {
        "latency_s": 2578.2647032060195,
        "reward": 0.0
    },
    "86": {
        "latency_s": 2587.6942396089435,
        "reward": 0.0
    },
    "116": {
        "latency_s": 2639.6045771779027,
        "reward": 0.0
    },
    "93": {
        "latency_s": 2642.655036038952,
        "reward": 0.0
    },
    "31": {
        "latency_s": 2645.6976362260757,
        "reward": 0.0
    },
    "117": {
        "latency_s": 2646.135101450025,
        "reward": 0.0
    },
    "81": {
        "latency_s": 2647.3954615059774,
        "reward": 0.0
    },
    "80": {
        "latency_s": 2656.093894913094,
        "reward": 0.0
    },
    "27": {
        "latency_s": 2661.9990034489892,
        "reward": 0.0
    },
    "90": {
        "latency_s": 2673.7688511030283,
        "reward": 0.0
    },
    "37": {
        "latency_s": 2733.7302802669583,
        "reward": 0.0
    },
    "35": {
        "latency_s": 2816.4835005659843,