{"reasoning_agent": 0.2, "tool_agent": 0.16666666666666666}{"code_generator": 0.18285714285714286, "test_generator": 0.07428571428571429}{"code_generator": 0.3028571428571429, "test_generator": 0.18285714285714286}{"reasoning_agent": 0.26666666666666666, "tool_agent": 0.3333333333333333}{"reasoning_agent": 0.26666666666666666, "tool_agent": 0.26666666666666666}{"code_generator": 0.2857142857142857, "test_generator": 0.13142857142857142}{"code_generator": 0.2, "test_generator": 0.04}{"reasoning_agent": 0.16666666666666666, "tool_agent": 0.1}{"reasoning_agent": 0.5, "tool_agent": 0.4666666666666667}{"code_generator": 0.4342857142857143, "test_generator": 0.2914285714285714}{"code_generator": 0.44, "test_generator": 0.29714285714285715}{"code_generator": 0.3878787878787879, "test_generator": 0.14545454545454545}{"code_generator": 0.2786885245901639, "test_generator": 0.040983606557377046}{"code_generator": 0.03821656050955414, "test_generator": 0.0}{"code_generator": 0.4434389140271493, "test_generator": 0.05429864253393665}{"code_generator": 0.027149321266968326, "test_generator": 0.00904977375565611}{"code_generator": 0.43891402714932126, "test_generator": 0.058823529411764705}{"code_generator": 0.38461538461538464, "test_generator": 0.04524886877828054}{"code_generator": 0.39819004524886875, "test_generator": 0.09049773755656108}{"code_generator": 0.19004524886877827, "test_generator": 0.00904977375565611}{"reasoning_agent": 0.472, "tool_agent": 0.49}{"reasoning_agent": 0.1, "tool_agent": 0.06666666666666667}{"code_generator": 0.392, "test_generator": 0.206}{"code_generator": 0.218, "test_generator": 0.034}